ping_id,vehicle_id,ts_utc,lat,lon,speed_kmh,heading_deg,soc_pct
0,EV000000,2026-06-08T02:01:00Z,59.34736,18.19668,2.5,,42.9
1,EV000000,2026-06-08T02:13:00Z,59.3472,18.19649,2.5,147.7,42.9
2,EV000000,2026-06-08T02:25:00Z,59.34738,18.19666,1.6,,42.9
3,EV000000,2026-06-08T02:37:00Z,59.34729,18.19684,0.8,,42.9
4,EV000000,2026-06-08T02:49:00Z,59.34726,18.19678,0.1,149.4,42.9
5,EV000000,2026-06-08T03:01:00Z,59.38934,18.10362,44.6,262.9,40.8
6,EV000000,2026-06-08T03:13:00Z,59.33263,18.1317,32.3,302.9,38.8
7,EV000000,2026-06-08T03:25:00Z,59.37744,18.20408,73.7,50.6,37.7
8,EV000000,2026-06-08T03:37:00Z,59.40306,18.10795,2.4,,37.7
9,EV000000,2026-06-08T03:49:00Z,59.40291,18.10787,2.7,35.5,37.7
10,EV000000,2026-06-08T04:01:00Z,59.40293,18.10784,2.9,37.5,37.7
11,EV000000,2026-06-08T04:13:00Z,59.39196,18.14817,82.8,237.3,37.2
12,EV000000,2026-06-08T04:25:00Z,59.43916,18.07159,78.3,136.9,35.3
13,EV000000,2026-06-08T04:37:00Z,59.43007,18.14961,53.4,307.4,33.6
14,EV000000,2026-06-08T04:49:00Z,59.34727,18.20285,2.6,,33.6
15,EV000000,2026-06-08T05:01:00Z,59.34713,18.20284,2.4,53.6,33.6
16,EV000000,2026-06-08T05:13:00Z,59.34716,18.20283,1.1,53.3,33.6
17,EV000000,2026-06-08T05:25:00Z,59.32304,18.24927,40.2,241.4,32.8
18,EV000000,2026-06-08T05:37:00Z,59.2895,18.21866,55.2,24.4,30.8
19,EV000000,2026-06-08T05:49:00Z,59.37003,18.03966,1.9,242.8,30.8
20,EV000000,2026-06-08T06:01:00Z,59.37002,18.03967,1.1,254.1,30.8
21,EV000000,2026-06-08T06:13:00Z,59.37002,18.0396,2.2,,30.8
22,EV000000,2026-06-08T06:25:00Z,59.36998,18.03967,0.8,252.7,30.8
23,EV000000,2026-06-08T06:37:00Z,59.37003,18.03958,2.9,238.2,30.8
24,EV000000,2026-06-08T06:49:00Z,59.29022,17.94207,86.4,341.3,29.3
25,EV000000,2026-06-08T07:01:00Z,59.43237,18.10004,38.6,198.5,27.5
26,EV000000,2026-06-08T07:13:00Z,59.3859,17.9543,26.3,352.8,25.8
27,EV000000,2026-06-08T07:25:00Z,59.31014,18.09171,1.3,23.9,25.8
28,EV000000,2026-06-08T07:37:00Z,59.31021,18.09142,0.5,14.8,25.8
29,EV000000,2026-06-08T07:49:00Z,59.31009,18.09178,2.7,0.9,25.8
30,EV000000,2026-06-08T08:01:00Z,59.31004,18.09154,0.4,15.5,25.8
31,EV000000,2026-06-08T08:13:00Z,59.31022,18.09164,2.5,14.6,25.8
32,EV000000,2026-06-08T08:25:00Z,59.31031,18.09167,1.3,32.7,25.8
33,EV000000,2026-06-08T08:37:00Z,59.40808,18.09173,73.9,273.5,24.3
34,EV000000,2026-06-08T08:49:00Z,59.4664,18.20694,0.1,282.5,24.3
35,EV000000,2026-06-08T09:01:00Z,59.46642,18.20681,2.0,280.3,24.3
36,EV000000,2026-06-08T09:13:00Z,59.50886,18.22736,26.2,296.1,23.7
37,EV000000,2026-06-08T09:25:00Z,59.4716,18.23164,70.8,358.2,22.2
38,EV000000,2026-06-08T09:37:00Z,59.33321,18.00064,1.3,298.9,22.2
39,EV000000,2026-06-08T09:49:00Z,59.33323,18.00069,2.4,280.7,22.2
40,EV000000,2026-06-08T10:01:00Z,59.33323,18.00071,1.1,290.6,22.2
41,EV000000,2026-06-08T10:13:00Z,59.33319,18.00055,0.9,,22.2
42,EV000000,2026-06-08T10:25:00Z,59.33321,18.00042,0.1,291.6,22.2
43,EV000000,2026-06-08T10:37:00Z,59.33323,18.00066,2.5,288.7,22.2
44,EV000000,2026-06-08T10:49:00Z,59.3332,18.00065,1.3,,22.2
45,EV000000,2026-06-08T11:01:00Z,59.34047,18.03764,85.1,308.2,20.8
46,EV000000,2026-06-08T11:13:00Z,59.37547,17.91692,98.4,247.7,18.9
47,EV000000,2026-06-08T11:25:00Z,59.35535,18.02279,96.7,47.4,17.9
48,EV000001,2026-06-08T02:30:00Z,41.89442,12.55061,1.9,132.0,81.3
49,EV000001,2026-06-08T02:42:00Z,41.89435,12.55051,0.3,,100.0
50,EV000001,2026-06-08T02:54:00Z,41.89418,12.52454,89.1,5.2,97.8
51,EV000001,2026-06-08T03:06:00Z,41.86822,12.5845,84.7,257.4,97.1
52,EV000001,2026-06-08T03:18:00Z,41.81526,12.35872,2.5,18.8,97.1
53,EV000001,2026-06-08T03:30:00Z,41.81525,12.35872,1.9,26.9,97.1
54,EV000001,2026-06-08T03:42:00Z,41.81524,12.35865,1.2,,97.1
55,EV000001,2026-06-08T03:54:00Z,41.81524,12.35864,0.7,23.8,97.1
56,EV000001,2026-06-08T04:06:00Z,41.80753,12.39573,75.6,224.1,95.3
57,EV000001,2026-06-08T04:18:00Z,41.89156,12.41538,1.0,65.5,95.3
58,EV000001,2026-06-08T04:30:00Z,41.89164,12.41516,1.6,59.6,95.3
59,EV000001,2026-06-08T04:42:00Z,41.90545,12.44378,31.4,340.3,94.7
60,EV000001,2026-06-08T04:54:00Z,41.88001,12.39636,47.4,302.4,93.2
61,EV000001,2026-06-08T05:06:00Z,41.87867,12.4067,114.5,265.3,91.6
62,EV000001,2026-06-08T05:18:00Z,41.92006,12.46294,2.3,170.9,91.6
63,EV000001,2026-06-08T05:30:00Z,41.92005,12.46285,0.8,160.5,91.6
64,EV000001,2026-06-08T05:42:00Z,41.92003,12.46303,2.4,163.8,91.6
65,EV000001,2026-06-08T05:54:00Z,41.92001,12.46284,0.3,158.3,91.6
66,EV000001,2026-06-08T06:06:00Z,41.92001,12.463,0.1,,91.6
67,EV000001,2026-06-08T06:18:00Z,41.9043,12.43974,49.6,345.8,89.6
68,EV000001,2026-06-08T06:30:00Z,41.93499,12.44384,65.0,302.8,88.0
69,EV000001,2026-06-08T06:42:00Z,41.92546,12.51193,109.3,251.9,87.1
70,EV000001,2026-06-08T06:54:00Z,41.89747,12.47125,0.2,181.2,87.1
71,EV000001,2026-06-08T07:06:00Z,41.8975,12.47115,0.2,172.1,87.1
72,EV000001,2026-06-08T07:18:00Z,41.89304,12.52991,99.8,66.6,86.3
73,EV000001,2026-06-08T07:30:00Z,41.86274,12.49187,29.0,118.7,84.2
74,EV000001,2026-06-08T07:42:00Z,41.8101,12.34613,2.4,,84.2
75,EV000001,2026-06-08T07:54:00Z,41.81008,12.34609,2.9,84.7,84.2
76,EV000001,2026-06-08T08:06:00Z,41.81006,12.34621,0.9,79.3,84.2
77,EV000001,2026-06-08T08:18:00Z,41.77916,12.38541,73.0,134.9,83.1
78,EV000001,2026-06-08T08:30:00Z,41.8104,12.36165,1.1,,83.1
79,EV000001,2026-06-08T08:42:00Z,41.81041,12.3614,2.9,162.6,83.1
80,EV000001,2026-06-08T08:54:00Z,41.81043,12.36167,1.9,157.5,83.1
81,EV000001,2026-06-08T09:06:00Z,41.81037,12.36163,1.9,,83.1
82,EV000001,2026-06-08T09:18:00Z,41.81037,12.36152,0.3,150.0,83.1
83,EV000001,2026-06-08T09:30:00Z,41.81043,12.36154,1.0,155.4,83.1
84,EV000001,2026-06-08T09:42:00Z,41.84559,12.38349,26.1,177.1,81.9
85,EV000001,2026-06-08T09:54:00Z,41.75544,12.35797,101.2,293.6,81.3
86,EV000002,2026-06-08T01:36:00Z,47.5526,19.02226,3.0,314.6,56.6
87,EV000002,2026-06-08T01:48:00Z,47.55248,19.02233,0.7,,56.6
88,EV000002,2026-06-08T02:00:00Z,47.55238,19.0223,2.5,,56.6
89,EV000002,2026-06-08T02:12:00Z,47.5525,19.0223,1.2,,56.6
90,EV000002,2026-06-08T02:24:00Z,47.55257,19.02212,2.7,320.2,56.6
91,EV000002,2026-06-08T02:36:00Z,47.54223,19.00702,54.6,155.9,55.6
92,EV000002,2026-06-08T02:48:00Z,47.56478,18.96385,57.0,211.0,55.1
93,EV000002,2026-06-08T03:00:00Z,47.5401,19.04465,96.1,270.1,53.8
94,EV000002,2026-06-08T03:12:00Z,47.55911,19.02018,0.2,,53.8
95,EV000002,2026-06-08T03:24:00Z,47.55902,19.02012,0.0,40.0,53.8
96,EV000002,2026-06-08T03:36:00Z,47.50635,19.04091,53.6,269.4,52.9
97,EV000002,2026-06-08T03:48:00Z,47.55073,19.01736,0.2,138.7,52.9
98,EV000002,2026-06-08T04:00:00Z,47.55067,19.01733,0.3,139.3,52.9
99,EV000002,2026-06-08T04:12:00Z,47.5507,19.01738,1.0,138.0,52.9
100,EV000002,2026-06-08T04:24:00Z,47.55073,19.01723,1.0,144.2,52.9
101,EV000002,2026-06-08T04:36:00Z,47.55071,19.01737,2.7,138.5,52.9
102,EV000002,2026-06-08T04:48:00Z,47.56064,18.97939,59.0,318.3,50.7
103,EV000002,2026-06-08T05:00:00Z,47.5563,19.01691,0.5,323.3,50.7
104,EV000002,2026-06-08T05:12:00Z,47.55623,19.01682,0.5,328.6,50.7
105,EV000002,2026-06-08T05:24:00Z,47.55624,19.01685,2.1,319.5,50.7
106,EV000002,2026-06-08T05:36:00Z,47.58859,19.05092,99.8,38.8,48.7
107,EV000002,2026-06-08T05:48:00Z,47.57972,19.0644,106.5,80.7,47.5
108,EV000002,2026-06-08T06:00:00Z,47.57352,19.07224,36.8,159.8,46.9
109,EV000002,2026-06-08T06:12:00Z,47.48978,19.13539,2.6,,46.9
110,EV000002,2026-06-08T06:24:00Z,47.48977,19.1353,0.8,180.3,46.9
111,EV000002,2026-06-08T06:36:00Z,47.4899,19.13519,2.5,,46.9
112,EV000002,2026-06-08T06:48:00Z,47.48969,19.13556,0.3,181.8,46.9
113,EV000002,2026-06-08T07:00:00Z,47.47531,19.18465,103.9,350.2,46.2
114,EV000002,2026-06-08T07:12:00Z,47.49888,19.10867,105.8,31.7,44.7
115,EV000002,2026-06-08T07:24:00Z,47.39433,19.09256,0.7,325.7,44.7
116,EV000002,2026-06-08T07:36:00Z,47.39425,19.09229,0.8,,44.7
117,EV000002,2026-06-08T07:48:00Z,47.39435,19.09262,2.7,315.0,44.7
118,EV000002,2026-06-08T08:00:00Z,47.39429,19.09254,2.9,315.1,44.7
119,EV000002,2026-06-08T08:12:00Z,47.39427,19.09254,0.8,322.2,44.7
120,EV000002,2026-06-08T08:24:00Z,47.39436,19.09249,2.3,316.2,44.7
121,EV000002,2026-06-08T08:36:00Z,47.37397,19.11359,32.0,233.3,43.1
122,EV000002,2026-06-08T08:48:00Z,47.46162,19.37728,1.9,37.1,43.1
123,EV000002,2026-06-08T09:00:00Z,47.4617,19.3772,2.2,51.2,43.1
124,EV000002,2026-06-08T09:12:00Z,47.46168,19.37728,3.0,51.7,43.1
125,EV000002,2026-06-08T09:24:00Z,47.46956,19.34906,92.0,98.1,42.4
126,EV000002,2026-06-08T09:36:00Z,47.45781,19.39324,57.4,272.3,40.6
127,EV000002,2026-06-08T09:48:00Z,47.44278,19.39758,50.8,42.9,39.8
128,EV000003,2026-06-08T01:30:00Z,47.41997,19.03299,0.1,,35.3
129,EV000003,2026-06-08T01:42:00Z,47.41999,19.03295,2.6,80.8,35.3
130,EV000003,2026-06-08T01:54:00Z,47.41997,19.03291,0.2,61.0,35.3
131,EV000003,2026-06-08T02:06:00Z,47.42008,19.03298,2.3,,35.3
132,EV000003,2026-06-08T02:18:00Z,47.42,19.03279,1.9,72.6,35.3
133,EV000003,2026-06-08T02:30:00Z,47.42005,19.033,1.2,80.3,35.3
134,EV000003,2026-06-08T02:42:00Z,47.4197,19.03288,1.5,80.6,35.3
135,EV000003,2026-06-08T02:54:00Z,47.44147,19.07307,88.2,356.4,33.7
136,EV000003,2026-06-08T03:06:00Z,47.43981,18.97038,107.8,265.6,33.2
137,EV000003,2026-06-08T03:18:00Z,47.47307,18.9863,28.8,55.9,31.1
138,EV000003,2026-06-08T03:30:00Z,47.53153,19.03555,1.7,342.2,31.1
139,EV000003,2026-06-08T03:42:00Z,47.53153,19.03555,2.0,,31.1
140,EV000003,2026-06-08T03:54:00Z,47.53145,19.03557,1.2,338.6,31.1
141,EV000003,2026-06-08T04:06:00Z,47.53146,19.03539,0.5,330.6,31.1
142,EV000003,2026-06-08T04:18:00Z,47.51954,19.03157,66.6,303.5,29.4
143,EV000003,2026-06-08T04:30:00Z,47.45298,19.01797,0.5,,29.4
144,EV000003,2026-06-08T04:42:00Z,47.45293,19.0178,2.9,210.8,29.4
145,EV000003,2026-06-08T04:54:00Z,47.45294,19.01783,0.9,213.8,29.4
146,EV000003,2026-06-08T05:06:00Z,47.453,19.01764,0.3,201.6,29.4
147,EV000003,2026-06-08T05:18:00Z,47.4529,19.01781,3.0,,29.4
148,EV000003,2026-06-08T05:30:00Z,47.45283,19.01792,0.6,215.1,29.4
149,EV000003,2026-06-08T05:42:00Z,47.49132,19.08667,109.6,72.1,28.1
150,EV000003,2026-06-08T05:54:00Z,47.3869,19.21663,0.4,102.9,28.1
151,EV000003,2026-06-08T06:06:00Z,47.38715,19.21642,2.0,91.0,28.1
152,EV000003,2026-06-08T06:18:00Z,47.38705,19.21654,2.7,91.5,28.1
153,EV000003,2026-06-08T06:30:00Z,47.38704,19.21655,0.4,,28.1
154,EV000003,2026-06-08T06:42:00Z,47.38697,19.21653,0.3,91.2,28.1
155,EV000003,2026-06-08T06:54:00Z,47.38698,19.21665,2.8,91.7,28.1
156,EV000003,2026-06-08T07:06:00Z,47.39277,19.21106,56.1,259.9,27.7
157,EV000003,2026-06-08T07:18:00Z,47.40436,19.18299,74.8,344.1,26.6
158,EV000003,2026-06-08T07:30:00Z,47.35557,19.28624,80.4,125.8,24.8
159,EV000003,2026-06-08T07:42:00Z,47.44811,19.06327,0.6,,24.8
160,EV000003,2026-06-08T07:54:00Z,47.44812,19.06339,1.1,144.5,24.8
161,EV000003,2026-06-08T08:06:00Z,47.44812,19.06327,2.7,143.5,24.8
162,EV000003,2026-06-08T08:18:00Z,47.44093,19.08908,46.5,296.7,23.6
163,EV000003,2026-06-08T08:30:00Z,47.47099,19.05989,70.3,203.5,23.0
164,EV000003,2026-06-08T08:42:00Z,47.44557,19.06207,3.0,,23.0
165,EV000003,2026-06-08T08:54:00Z,47.44564,19.06202,0.4,32.8,23.0
166,EV000003,2026-06-08T09:06:00Z,47.44557,19.06225,2.9,31.7,23.0
167,EV000003,2026-06-08T09:18:00Z,47.44553,19.06221,1.8,29.3,23.0
168,EV000003,2026-06-08T09:30:00Z,47.44556,19.06206,0.8,,23.0
169,EV000003,2026-06-08T09:42:00Z,47.44555,19.06212,1.4,19.5,23.0
170,EV000003,2026-06-08T09:54:00Z,47.46855,19.04558,72.3,216.2,22.0
171,EV000003,2026-06-08T10:06:00Z,47.44536,19.06223,1.3,,30.7
172,EV000003,2026-06-08T10:18:00Z,47.44519,19.06236,2.0,34.8,39.4
173,EV000003,2026-06-08T10:30:00Z,47.44515,19.0623,0.7,35.3,48.1
174,EV000003,2026-06-08T10:42:00Z,47.43327,19.02584,102.4,185.9,47.2
175,EV000004,2026-06-08T02:04:00Z,37.96474,23.7516,1.1,,62.9
176,EV000004,2026-06-08T02:16:00Z,37.96472,23.75152,2.0,327.7,62.9
177,EV000004,2026-06-08T02:28:00Z,37.96476,23.75159,2.2,339.9,62.9
178,EV000004,2026-06-08T02:40:00Z,37.9647,23.75163,0.8,334.0,62.9
179,EV000004,2026-06-08T02:52:00Z,37.96478,23.75158,0.9,,62.9
180,EV000004,2026-06-08T03:04:00Z,37.96483,23.75151,2.6,340.9,62.9
181,EV000004,2026-06-08T03:16:00Z,37.96474,23.75156,2.7,324.7,62.9
182,EV000004,2026-06-08T03:28:00Z,37.96558,23.7357,99.4,244.9,60.9
183,EV000004,2026-06-08T03:40:00Z,38.01519,23.72316,53.1,4.4,59.9
184,EV000004,2026-06-08T03:52:00Z,37.95939,23.71732,54.7,117.4,58.5
185,EV000004,2026-06-08T04:04:00Z,37.91455,23.57107,0.2,,68.9
186,EV000004,2026-06-08T04:16:00Z,37.91446,23.57102,2.8,,79.3
187,EV000004,2026-06-08T04:28:00Z,37.91456,23.57108,0.8,270.8,89.6
188,EV000004,2026-06-08T04:40:00Z,37.91453,23.57106,0.2,269.2,100.0
189,EV000004,2026-06-08T04:52:00Z,37.95503,23.56397,100.7,16.0,98.9
190,EV000004,2026-06-08T05:04:00Z,37.92852,23.58914,46.6,187.7,97.8
191,EV000004,2026-06-08T05:16:00Z,37.94993,23.86341,1.6,170.2,97.8
192,EV000004,2026-06-08T05:28:00Z,37.94992,23.86345,2.0,175.6,97.8
193,EV000004,2026-06-08T05:40:00Z,37.95524,23.85334,97.9,116.6,97.1
194,EV000004,2026-06-08T05:52:00Z,37.97757,23.86821,25.3,66.6,94.9
195,EV000004,2026-06-08T06:04:00Z,37.86183,23.90608,109.9,38.5,93.9
196,EV000004,2026-06-08T06:16:00Z,37.96657,23.75987,1.4,292.7,96.9
197,EV000004,2026-06-08T06:28:00Z,37.9665,23.75989,0.5,294.7,100.0
198,EV000004,2026-06-08T06:40:00Z,38.00155,23.72231,82.8,299.5,99.4
199,EV000004,2026-06-08T06:52:00Z,37.95137,23.80488,107.8,185.8,98.6
